日付,銘柄名,コード,業種,TOPIXに占める個別銘柄のウェイト,ニューインデックス区分
20200930,サカタのタネ,1377,水産・農林業,0.03%,TOPIX Small 1
20200930,ホクト,1379,水産・農林業,0.01%,TOPIX Small 1
20200930,ショーボンド,1414,建設業,0.05%,TOPIX Small 1
20200930,ミライトＨＤ,1417,建設業,0.03%,TOPIX Small 1
20200930,タマホーム,1419,建設業,0.00%,TOPIX Small 1
20200930,石油資源,1662,鉱業,0.01%,TOPIX Small 1
20200930,安藤ハザマ,1719,建設業,0.03%,TOPIX Small 1
20200930,東急建設,1720,建設業,0.01%,TOPIX Small 1
20200930,東建コーポ,1766,建設業,0.01%,TOPIX Small 1
20200930,飛島建,1805,建設業,0.00%,TOPIX Small 1
20200930,鉄建建設,1815,建設業,0.01%,TOPIX Small 1
20200930,大豊建,1822,建設業,0.01%,TOPIX Small 1
20200930,東鉄工,1835,建設業,0.02%,TOPIX Small 1
20200930,浅沼組,1852,建設業,0.01%,TOPIX Small 1
20200930,熊谷組,1861,建設業,0.02%,TOPIX Small 1
20200930,ＮＩＰＰＯ,1881,建設業,0.03%,TOPIX Small 1
20200930,東亜建,1885,建設業,0.01%,TOPIX Small 1
20200930,東洋建,1890,建設業,0.01%,TOPIX Small 1
20200930,ライト工,1926,建設業,0.01%,TOPIX Small 1
20200930,中電工,1941,建設業,0.01%,TOPIX Small 1
20200930,関電工,1942,建設業,0.02%,TOPIX Small 1
20200930,三機工,1961,建設業,0.01%,TOPIX Small 1
20200930,太平電,1968,建設業,0.01%,TOPIX Small 1
20200930,高砂熱,1969,建設業,0.02%,TOPIX Small 1
20200930,ＮＥＳＩＣ,1973,情報・通信業,0.02%,TOPIX Small 1
20200930,大気社,1979,建設業,0.02%,TOPIX Small 1
20200930,日粉,2001,食料品,0.02%,TOPIX Small 1
20200930,フィード・ワン,2060,食料品,0.01%,TOPIX Small 1
20200930,三井製糖,2109,食料品,0.01%,TOPIX Small 1
20200930,ＬＩＦＵＬＬ,2120,サービス業,0.01%,TOPIX Small 1
20200930,ＪＡＣ,2124,サービス業,0.00%,TOPIX Small 1
20200930,ビーネックスグループ,2154,サービス業,0.01%,TOPIX Small 1
20200930,コシダカＨＤ,2157,サービス業,0.00%,TOPIX Small 1
20200930,パソナグループ,2168,サービス業,0.01%,TOPIX Small 1
20200930,ＬＩＮＫ＆Ｍ,2170,サービス業,0.00%,TOPIX Small 1
20200930,亀田菓,2220,食料品,0.01%,TOPIX Small 1
20200930,寿スピリッツ,2222,食料品,0.02%,TOPIX Small 1
20200930,プリマハム,2281,食料品,0.02%,TOPIX Small 1
20200930,Ｓ　ＦＯＯＤＳ,2292,食料品,0.01%,TOPIX Small 1
20200930,伊藤ハム米久ＨＤ,2296,食料品,0.02%,TOPIX Small 1
20200930,システナ,2317,情報・通信業,0.03%,TOPIX Small 1
20200930,デジアーツ,2326,情報・通信業,0.02%,TOPIX Small 1
20200930,ＮＳＳＯＬ,2327,情報・通信業,0.02%,TOPIX Small 1
20200930,いちご,2337,不動産業,0.02%,TOPIX Small 1
20200930,日駐,2353,不動産業,0.01%,TOPIX Small 1
20200930,ディップ,2379,サービス業,0.01%,TOPIX Small 1
20200930,ＳＢＳＨＤ,2384,陸運業,0.01%,TOPIX Small 1
20200930,ベネ・ワン,2412,サービス業,0.04%,TOPIX Small 1
20200930,アウトソシング,2427,サービス業,0.02%,TOPIX Small 1
20200930,ファンコミ,2461,サービス業,0.01%,TOPIX Small 1
20200930,エスプール,2471,サービス業,0.01%,TOPIX Small 1
20200930,ＷＤＢ,2475,サービス業,0.01%,TOPIX Small 1
20200930,ＤｙＤｏ,2590,食料品,0.01%,TOPIX Small 1
20200930,日清オイリオ,2602,食料品,0.02%,TOPIX Small 1
20200930,サンエー,2659,小売業,0.02%,TOPIX Small 1
20200930,カワチ薬品,2664,小売業,0.01%,TOPIX Small 1
20200930,アスクル,2678,小売業,0.02%,TOPIX Small 1
20200930,ゲオＨＤ,2681,小売業,0.01%,TOPIX Small 1
20200930,アダストリア,2685,小売業,0.01%,TOPIX Small 1
20200930,くら寿司,2695,小売業,0.01%,TOPIX Small 1
20200930,パルグループＨＤ,2726,小売業,0.00%,TOPIX Small 1
20200930,エディオン,2730,小売業,0.02%,TOPIX Small 1
20200930,あらた,2733,卸売業,0.02%,TOPIX Small 1
20200930,ヨコレイ,2874,卸売業,0.01%,TOPIX Small 1
20200930,フジッコ,2908,食料品,0.01%,TOPIX Small 1
20200930,ロックフィルド,2910,食料品,0.01%,TOPIX Small 1
20200930,ケンコーマヨ,2915,食料品,0.00%,TOPIX Small 1
20200930,わらべや,2918,食料品,0.00%,TOPIX Small 1
20200930,北の達人,2930,食料品,0.01%,TOPIX Small 1
20200930,ユーグレナ,2931,食料品,0.02%,TOPIX Small 1
20200930,グンゼ,3002,繊維製品,0.01%,TOPIX Small 1
20200930,アルペン,3028,小売業,0.01%,TOPIX Small 1
20200930,クオールＨＤ,3034,小売業,0.01%,TOPIX Small 1
20200930,アルコニックス,3036,卸売業,0.01%,TOPIX Small 1
20200930,ＪＩＮＳＨＤ,3046,小売業,0.02%,TOPIX Small 1
20200930,ビックカメラ,3048,小売業,0.03%,TOPIX Small 1
20200930,ＤＣＭ,3050,小売業,0.04%,TOPIX Small 1
20200930,ペッパー,3053,小売業,0.00%,TOPIX Small 1
20200930,あいＨＤ,3076,卸売業,0.01%,TOPIX Small 1
20200930,ＡＬサービスＨＤ,3085,小売業,0%,TOPIX Small 1
20200930,ドトル日レス,3087,小売業,0.01%,TOPIX Small 1
20200930,ブロンコＢ,3091,小売業,0.01%,TOPIX Small 1
20200930,物語コーポ,3097,小売業,0.01%,TOPIX Small 1
20200930,ココカラファイン,3098,小売業,0.03%,TOPIX Small 1
20200930,富士紡ＨＤ,3104,繊維製品,0.01%,TOPIX Small 1
20200930,ダイワボＨＤ,3107,卸売業,0.02%,TOPIX Small 1
20200930,日東紡,3110,ガラス・土石製品,0.03%,TOPIX Small 1
20200930,マクニカ富士エレＨＤ,3132,卸売業,0.02%,TOPIX Small 1
20200930,ラクト・ジャパン,3139,卸売業,0.01%,TOPIX Small 1
20200930,クリエイトＳＤＨ,3148,小売業,0.03%,TOPIX Small 1
20200930,レスターＨＤ,3156,卸売業,0.01%,TOPIX Small 1
20200930,ＴＯＫＡＩ　ＨＤ,3167,卸売業,0.02%,TOPIX Small 1
20200930,ネクステージ,3186,小売業,0%,TOPIX Small 1
20200930,ジョイフル本田,3191,小売業,0.02%,TOPIX Small 1
20200930,Ｕ．Ｓ．Ｍ．Ｈ,3222,小売業,0.02%,TOPIX Small 1
20200930,サムティ,3244,不動産業,0.01%,TOPIX Small 1
20200930,プレサンス,3254,不動産業,0.01%,TOPIX Small 1
20200930,フージャース,3284,不動産業,0.01%,TOPIX Small 1
20200930,日本調剤,3341,小売業,0.00%,TOPIX Small 1
20200930,クリレスＨＤ,3387,小売業,0.01%,TOPIX Small 1
20200930,サンマルクＨＤ,3395,小売業,0.01%,TOPIX Small 1
20200930,トリドールＨＤ,3397,小売業,0.02%,TOPIX Small 1
20200930,トーカロ,3433,金属製品,0.01%,TOPIX Small 1
20200930,川田ＴＥＣＨ,3443,金属製品,0.00%,TOPIX Small 1
20200930,コメダ,3543,卸売業,0.02%,TOPIX Small 1
20200930,スシローＧＨＤ,3563,小売業,0.06%,TOPIX Small 1
20200930,セーレン,3569,繊維製品,0.02%,TOPIX Small 1
20200930,ホギメディ,3593,繊維製品,0.02%,TOPIX Small 1
20200930,ＴＳＩ　ＨＤ,3608,繊維製品,0.00%,TOPIX Small 1
20200930,ワールド,3612,繊維製品,0.01%,TOPIX Small 1
20200930,グリー,3632,情報・通信業,0.01%,TOPIX Small 1
20200930,コーエーテクモ,3635,情報・通信業,0.04%,TOPIX Small 1
20200930,ブレインパッド,3655,情報・通信業,0.00%,TOPIX Small 1
20200930,ＫＬａｂ,3656,情報・通信業,0.01%,TOPIX Small 1
20200930,ポールＨＤ,3657,情報・通信業,0.00%,TOPIX Small 1
20200930,アイスタイル,3660,情報・通信業,0.00%,TOPIX Small 1
20200930,コロプラ,3668,情報・通信業,0.01%,TOPIX Small 1
20200930,ブロドリーフ,3673,情報・通信業,0.01%,TOPIX Small 1
20200930,メディアドゥ,3678,情報・通信業,0.01%,TOPIX Small 1
20200930,フィックスターズ,3687,情報・通信業,0.01%,TOPIX Small 1
20200930,オプティム,3694,情報・通信業,0.01%,TOPIX Small 1
20200930,ティーガイア,3738,情報・通信業,0.01%,TOPIX Small 1
20200930,テクマト,3762,情報・通信業,0.01%,TOPIX Small 1
20200930,ＩＩＪ,3774,情報・通信業,0.03%,TOPIX Small 1
20200930,コムチュア,3844,情報・通信業,0.01%,TOPIX Small 1
20200930,北越コーポレーション,3865,パルプ・紙,0.01%,TOPIX Small 1
20200930,大王紙,3880,パルプ・紙,0.03%,TOPIX Small 1
20200930,オープンドア,3926,情報・通信業,0.00%,TOPIX Small 1
20200930,アカツキ,3932,情報・通信業,0.01%,TOPIX Small 1
20200930,マクロミル,3978,情報・通信業,0.01%,TOPIX Small 1
20200930,住友精化,4008,化学,0.01%,TOPIX Small 1
20200930,クレハ,4023,化学,0.02%,TOPIX Small 1
20200930,石原産,4028,化学,0.01%,TOPIX Small 1
20200930,日曹達,4041,化学,0.02%,TOPIX Small 1
20200930,大阪ソーダ,4046,化学,0.01%,TOPIX Small 1
20200930,関電化,4047,化学,0.01%,TOPIX Small 1
20200930,堺化学,4078,化学,0.01%,TOPIX Small 1
20200930,ステラケミファ,4109,化学,0.01%,TOPIX Small 1
20200930,ＫＨネオケム,4189,化学,0.02%,TOPIX Small 1
20200930,ＤＮＣ,4246,化学,0.01%,TOPIX Small 1
20200930,森六,4249,化学,0.00%,TOPIX Small 1
20200930,ＥＰＳ,4282,サービス業,0.01%,TOPIX Small 1
20200930,ＰＩ,4290,サービス業,0.02%,TOPIX Small 1
20200930,アミューズ,4301,サービス業,0.01%,TOPIX Small 1
20200930,ケネディクス,4321,サービス業,0.02%,TOPIX Small 1
20200930,ソースネクスト,4344,情報・通信業,0.01%,TOPIX Small 1
20200930,インフォコム,4348,情報・通信業,0.02%,TOPIX Small 1
20200930,扶桑化学,4368,化学,0.02%,TOPIX Small 1
20200930,トリケミカル,4369,化学,0.01%,TOPIX Small 1
20200930,アルテリア,4423,情報・通信業,0.01%,TOPIX Small 1
20200930,三洋化成,4471,化学,0.01%,TOPIX Small 1
20200930,あすか薬,4514,医薬品,0.01%,TOPIX Small 1
20200930,日医工,4541,医薬品,0.01%,TOPIX Small 1
20200930,生化学,4548,医薬品,0.01%,TOPIX Small 1
20200930,栄研化,4549,医薬品,0.02%,TOPIX Small 1
20200930,ＪＣＲファーマ,4552,医薬品,0.04%,TOPIX Small 1
20200930,東和薬品,4553,医薬品,0.01%,TOPIX Small 1
20200930,ゼリア新薬,4559,医薬品,0.02%,TOPIX Small 1
20200930,キョーリンＨＤ,4569,医薬品,0.02%,TOPIX Small 1
20200930,中国塗料,4617,化学,0.01%,TOPIX Small 1
20200930,太陽ＨＤ,4626,化学,0.02%,TOPIX Small 1
20200930,サカタインクス,4633,化学,0.01%,TOPIX Small 1
20200930,洋インキＨＤ,4634,化学,0.02%,TOPIX Small 1
20200930,アルプス技,4641,サービス業,0.01%,TOPIX Small 1
20200930,明光ネット,4668,サービス業,0.00%,TOPIX Small 1
20200930,ラウンドワン,4680,サービス業,0.01%,TOPIX Small 1
20200930,ジャストシステム,4686,情報・通信業,0.05%,TOPIX Small 1
20200930,ＢＭＬ,4694,サービス業,0.02%,TOPIX Small 1
20200930,りらいあ,4708,サービス業,0.01%,TOPIX Small 1
20200930,リソー教育,4714,サービス業,0.01%,TOPIX Small 1
20200930,ＯＢＣ,4733,情報・通信業,0.03%,TOPIX Small 1
20200930,アイティフォー,4743,情報・通信業,0.00%,TOPIX Small 1
20200930,ＩＳＩＤ,4812,情報・通信業,0.02%,TOPIX Small 1
20200930,デジタルガレージ,4819,情報・通信業,0.03%,TOPIX Small 1
20200930,フルキャストＨＤ,4848,サービス業,0.01%,TOPIX Small 1
20200930,エン・ジャパン,4849,サービス業,0.02%,TOPIX Small 1
20200930,マンダム,4917,化学,0.02%,TOPIX Small 1
20200930,ミルボン,4919,化学,0.03%,TOPIX Small 1
20200930,ノエビアＨＤ,4928,化学,0.02%,TOPIX Small 1
20200930,長谷川香,4958,化学,0.02%,TOPIX Small 1
20200930,タカラバイオ,4974,化学,0.03%,TOPIX Small 1
20200930,ＪＣＵ,4975,化学,0.02%,TOPIX Small 1
20200930,デクセリアルズ,4980,化学,0.01%,TOPIX Small 1
20200930,アース製薬,4985,化学,0.02%,TOPIX Small 1
20200930,クミアイ化,4996,化学,0.02%,TOPIX Small 1
20200930,オカモト,5122,ゴム製品,0.01%,TOPIX Small 1
20200930,ニッタ,5186,ゴム製品,0.01%,TOPIX Small 1
20200930,板硝子,5202,ガラス・土石製品,0.01%,TOPIX Small 1
20200930,有沢製,5208,化学,0.01%,TOPIX Small 1
20200930,日カーボン,5302,ガラス・土石製品,0.01%,TOPIX Small 1
20200930,東洋炭素,5310,ガラス・土石製品,0.00%,TOPIX Small 1
20200930,ノリタケ,5331,ガラス・土石製品,0.01%,TOPIX Small 1
20200930,ＭＡＲＵＷＡ,5344,ガラス・土石製品,0.02%,TOPIX Small 1
20200930,黒崎播磨,5352,ガラス・土石製品,0.00%,TOPIX Small 1
20200930,ＦＵＪＩＭＩ,5384,ガラス・土石製品,0.01%,TOPIX Small 1
20200930,ニチアス,5393,ガラス・土石製品,0.03%,TOPIX Small 1
20200930,東製鉄,5423,鉄鋼,0.02%,TOPIX Small 1
20200930,共英製鋼,5440,鉄鋼,0.01%,TOPIX Small 1
20200930,冶金工,5480,鉄鋼,0.01%,TOPIX Small 1
20200930,山陽特鋼,5481,鉄鋼,0.00%,TOPIX Small 1
20200930,愛知鋼,5482,鉄鋼,0.01%,TOPIX Small 1
20200930,大平洋金,5541,鉄鋼,0.00%,TOPIX Small 1
20200930,大紀アルミ,5702,非鉄金属,0.00%,TOPIX Small 1
20200930,東邦鉛,5707,非鉄金属,0.00%,TOPIX Small 1
20200930,古河機金,5715,非鉄金属,0.01%,TOPIX Small 1
20200930,大阪チタ,5726,非鉄金属,0.00%,TOPIX Small 1
20200930,邦チタニウム,5727,非鉄金属,0.01%,TOPIX Small 1
20200930,ＵＡＣＪ,5741,非鉄金属,0.01%,TOPIX Small 1
20200930,リョービ,5851,非鉄金属,0.01%,TOPIX Small 1
20200930,アサヒＨＤ,5857,非鉄金属,0.03%,TOPIX Small 1
20200930,横河ブＨＤ,5911,金属製品,0.02%,TOPIX Small 1
20200930,ＯＳＪＢＨＤ,5912,建設業,0.01%,TOPIX Small 1
20200930,文化シヤター,5930,金属製品,0.01%,TOPIX Small 1
20200930,三協立山,5932,金属製品,0.01%,TOPIX Small 1
20200930,ノーリツ,5943,金属製品,0.01%,TOPIX Small 1
20200930,ユニプレス,5949,輸送用機器,0.01%,TOPIX Small 1
20200930,ジーテクト,5970,金属製品,0.01%,TOPIX Small 1
20200930,東プレ,5975,金属製品,0.01%,TOPIX Small 1
20200930,パイオラックス,5988,金属製品,0.01%,TOPIX Small 1
20200930,タクマ,6013,機械,0.03%,TOPIX Small 1
20200930,ＩＲＪａｐａｎ　ＨＤ,6035,サービス業,0.02%,TOPIX Small 1
20200930,Ｊマテリアル,6055,サービス業,0.02%,TOPIX Small 1
20200930,ベクトル,6058,サービス業,0.01%,TOPIX Small 1
20200930,Ｍ＆Ａキャピタル,6080,サービス業,0.02%,TOPIX Small 1
20200930,ツガミ,6101,機械,0.01%,TOPIX Small 1
20200930,芝浦機械,6104,機械,0.01%,TOPIX Small 1
20200930,アイダ,6118,機械,0.01%,TOPIX Small 1
20200930,ＦＵＪＩ,6134,機械,0.04%,TOPIX Small 1
20200930,牧野フライス,6135,機械,0.02%,TOPIX Small 1
20200930,旭ダイヤ,6140,機械,0.01%,TOPIX Small 1
20200930,ソディック,6143,機械,0.01%,TOPIX Small 1
20200930,ベル２４ＨＤ,6183,サービス業,0.01%,TOPIX Small 1
20200930,鎌倉新書,6184,サービス業,0.00%,TOPIX Small 1
20200930,ソラスト,6197,サービス業,0.02%,TOPIX Small 1
20200930,インソース,6200,サービス業,0.01%,TOPIX Small 1
20200930,島精機,6222,機械,0.01%,TOPIX Small 1
20200930,オプトラン,6235,機械,0.01%,TOPIX Small 1
20200930,ヤマシンフィルタ,6240,機械,0.01%,TOPIX Small 1
20200930,やまびこ,6250,機械,0.01%,TOPIX Small 1
20200930,平田機工,6258,機械,0.01%,TOPIX Small 1
20200930,三井海洋,6269,機械,0.01%,TOPIX Small 1
20200930,レオン自機,6272,機械,0.00%,TOPIX Small 1
20200930,ホソカワミクロン,6277,機械,0.01%,TOPIX Small 1
20200930,ＡＳＢ機械,6284,機械,0.01%,TOPIX Small 1
20200930,サトーＨＤ,6287,機械,0.01%,TOPIX Small 1
20200930,技研製作所,6289,機械,0.02%,TOPIX Small 1
20200930,井関農,6310,機械,0.01%,TOPIX Small 1
20200930,渋谷工,6340,機械,0.01%,TOPIX Small 1
20200930,小森,6349,機械,0.01%,TOPIX Small 1
20200930,椿本チエイン,6371,機械,0.02%,TOPIX Small 1
20200930,日機装,6376,精密機器,0.02%,TOPIX Small 1
20200930,フジテック,6406,機械,0.04%,TOPIX Small 1
20200930,ＣＫＤ,6407,機械,0.02%,TOPIX Small 1
20200930,キトー,6409,機械,0.00%,TOPIX Small 1
20200930,平和,6412,機械,0.02%,TOPIX Small 1
20200930,日金銭,6418,機械,0.00%,TOPIX Small 1
20200930,フクシマガリレイ,6420,機械,0.01%,TOPIX Small 1
20200930,竹内製作所,6432,機械,0.02%,TOPIX Small 1
20200930,ＪＵＫＩ,6440,機械,0.00%,TOPIX Small 1
20200930,ＴＰＲ,6463,機械,0.01%,TOPIX Small 1
20200930,ツバキ・ナカシマ,6464,機械,0.01%,TOPIX Small 1
20200930,日トムソン,6480,機械,0.00%,TOPIX Small 1
20200930,イーグル工,6486,機械,0.00%,TOPIX Small 1
20200930,日ピラ工,6490,機械,0.01%,TOPIX Small 1
20200930,キッツ,6498,機械,0.01%,TOPIX Small 1
20200930,シンフォニア,6507,電気機器,0.01%,TOPIX Small 1
20200930,明電舎,6508,電気機器,0.01%,TOPIX Small 1
20200930,山洋電気,6516,電気機器,0.01%,TOPIX Small 1
20200930,ベイカレント,6532,サービス業,0.04%,TOPIX Small 1
20200930,ＪＥＳＨＤ,6544,サービス業,0.02%,TOPIX Small 1
20200930,キュービーネットＨＤ,6571,サービス業,0.00%,TOPIX Small 1
20200930,東芝テック,6588,電気機器,0.02%,TOPIX Small 1
20200930,ダイヘン,6622,電気機器,0.02%,TOPIX Small 1
20200930,ヤーマン,6630,電気機器,0.01%,TOPIX Small 1
20200930,ＪＶＣＫＷ,6632,電気機器,0.01%,TOPIX Small 1
20200930,日新電,6641,電気機器,0.01%,TOPIX Small 1
20200930,大崎電,6644,電気機器,0.01%,TOPIX Small 1
20200930,日東工,6651,電気機器,0.01%,TOPIX Small 1
20200930,ＩＤＥＣ,6652,電気機器,0.01%,TOPIX Small 1
20200930,メルコ,6676,電気機器,0.00%,TOPIX Small 1
20200930,サンケン電,6707,電気機器,0.01%,TOPIX Small 1
20200930,ワコム,6727,電気機器,0.02%,TOPIX Small 1
20200930,ＥＩＺＯ,6737,電気機器,0.01%,TOPIX Small 1
20200930,ＪＤＩ,6740,電気機器,0.01%,TOPIX Small 1
20200930,日信号,6741,電気機器,0.01%,TOPIX Small 1
20200930,能美防災,6744,電気機器,0.01%,TOPIX Small 1
20200930,エレコム,6750,電気機器,0.03%,TOPIX Small 1
20200930,タムラ製,6768,電気機器,0.01%,TOPIX Small 1
20200930,ローランドＤＧ,6789,電気機器,0.00%,TOPIX Small 1
20200930,フォスター電,6794,電気機器,0.01%,TOPIX Small 1
20200930,ヨコオ,6800,電気機器,0.01%,TOPIX Small 1
20200930,ホシデン,6804,電気機器,0.01%,TOPIX Small 1
20200930,航空電子,6807,電気機器,0.01%,TOPIX Small 1
20200930,マクセルＨＤ,6810,電気機器,0.01%,TOPIX Small 1
20200930,古野電気,6814,電気機器,0.01%,TOPIX Small 1
20200930,新電元,6844,電気機器,0.00%,TOPIX Small 1
20200930,エスペック,6859,電気機器,0.01%,TOPIX Small 1
20200930,日マイクロニクス,6871,電気機器,0.01%,TOPIX Small 1
20200930,メガチップス,6875,電気機器,0.01%,TOPIX Small 1
20200930,ＯＢＡＲＡ－Ｇ,6877,電気機器,0.01%,TOPIX Small 1
20200930,コーセル,6905,電気機器,0.01%,TOPIX Small 1
20200930,イリソ電子工業,6908,電気機器,0.02%,TOPIX Small 1
20200930,オプテックスグループ,6914,電気機器,0.01%,TOPIX Small 1
20200930,日セラミック,6929,電気機器,0.01%,TOPIX Small 1
20200930,日電子,6951,電気機器,0.03%,TOPIX Small 1
20200930,ＣＭＫ,6958,電気機器,0.01%,TOPIX Small 1
20200930,エンプラス,6961,電気機器,0.01%,TOPIX Small 1
20200930,三井ハイテク,6966,電気機器,0.01%,TOPIX Small 1
20200930,新光電工,6967,電気機器,0.03%,TOPIX Small 1
20200930,双葉電子,6986,電気機器,0.01%,TOPIX Small 1
20200930,ニチコン,6996,電気機器,0.01%,TOPIX Small 1
20200930,ＫＯＡ,6999,電気機器,0.01%,TOPIX Small 1
20200930,三井Ｅ＆Ｓ,7003,輸送用機器,0.01%,TOPIX Small 1
20200930,日立造,7004,機械,0.02%,TOPIX Small 1
20200930,カーブスＨＤ,7085,サービス業,0.01%,TOPIX Small 1
20200930,三菱ロジスネクスト,7105,輸送用機器,0.01%,TOPIX Small 1
20200930,ＦＰＧ,7148,証券、商品先物取引業,0.01%,TOPIX Small 1
20200930,東京きらぼしＦＧ,7173,銀行業,0.01%,TOPIX Small 1
20200930,アルヒ,7198,その他金融業,0.01%,TOPIX Small 1
20200930,武蔵精密,7220,輸送用機器,0.01%,TOPIX Small 1
20200930,日産車体,7222,輸送用機器,0.01%,TOPIX Small 1
20200930,新明和工,7224,輸送用機器,0.01%,TOPIX Small 1
20200930,極東開,7226,輸送用機器,0.01%,TOPIX Small 1
20200930,日信工業,7230,輸送用機器,0.02%,TOPIX Small 1
20200930,トピー工,7231,輸送用機器,0.00%,TOPIX Small 1
20200930,タチエス,7239,輸送用機器,0.01%,TOPIX Small 1
20200930,フタバ産,7241,輸送用機器,0.01%,TOPIX Small 1
20200930,ＫＹＢ,7242,輸送用機器,0.01%,TOPIX Small 1
20200930,市光工,7244,電気機器,0.00%,TOPIX Small 1
20200930,プレス工,7246,輸送用機器,0.01%,TOPIX Small 1
20200930,太平洋工,7250,輸送用機器,0.01%,TOPIX Small 1
20200930,ケーヒン,7251,輸送用機器,0.03%,TOPIX Small 1
20200930,ショーワ,7274,輸送用機器,0.02%,TOPIX Small 1
20200930,エクセディ,7278,輸送用機器,0.01%,TOPIX Small 1
20200930,ヨロズ,7294,輸送用機器,0.00%,TOPIX Small 1
20200930,ＦＣＣ,7296,輸送用機器,0.01%,TOPIX Small 1
20200930,関西みらいＦＧ,7321,銀行業,0.01%,TOPIX Small 1
20200930,ノジマ,7419,小売業,0.02%,TOPIX Small 1
20200930,アズワン,7476,卸売業,0.04%,TOPIX Small 1
20200930,コーナン商,7516,小売業,0.03%,TOPIX Small 1
20200930,ワタミ,7522,小売業,0.01%,TOPIX Small 1
20200930,西松屋チェ,7545,小売業,0.01%,TOPIX Small 1
20200930,ハピネット,7552,卸売業,0.01%,TOPIX Small 1
20200930,幸楽苑ＨＤ,7554,小売業,0.01%,TOPIX Small 1
20200930,日本ライフライン,7575,卸売業,0.02%,TOPIX Small 1
20200930,サイゼリヤ,7581,小売業,0.01%,TOPIX Small 1
20200930,ＶＴＨＤ,7593,小売業,0.01%,TOPIX Small 1
20200930,ＩＤＯＭ,7599,卸売業,0.01%,TOPIX Small 1
20200930,Ｕアローズ,7606,小売業,0.01%,TOPIX Small 1
20200930,ハイデ日高,7611,小売業,0.01%,TOPIX Small 1
20200930,シークス,7613,卸売業,0.01%,TOPIX Small 1
20200930,壱番屋,7630,小売業,0.02%,TOPIX Small 1
20200930,薬王堂ＨＤ,7679,小売業,0.01%,TOPIX Small 1
20200930,Ｖテク,7717,精密機器,0.01%,TOPIX Small 1
20200930,スター精密,7718,機械,0.01%,TOPIX Small 1
20200930,東精密,7729,精密機器,0.03%,TOPIX Small 1
20200930,キヤノン電子,7739,電気機器,0.01%,TOPIX Small 1
20200930,タムロン,7740,精密機器,0.01%,TOPIX Small 1
20200930,ノーリツ鋼機,7744,精密機器,0.00%,TOPIX Small 1
20200930,メニコン,7780,精密機器,0.04%,TOPIX Small 1
20200930,パラベッド,7817,その他製品,0.02%,TOPIX Small 1
20200930,前田工繊,7821,その他製品,0.01%,TOPIX Small 1
20200930,ＳＨＯＥＩ,7839,その他製品,0.01%,TOPIX Small 1
20200930,マーベラス,7844,情報・通信業,0.01%,TOPIX Small 1
20200930,エイベックス,7860,情報・通信業,0.01%,TOPIX Small 1
20200930,トッパンフォー,7862,その他製品,0.01%,TOPIX Small 1
20200930,フジシール,7864,その他製品,0.02%,TOPIX Small 1
20200930,タカラトミー,7867,その他製品,0.02%,TOPIX Small 1
20200930,レック,7874,化学,0.01%,TOPIX Small 1
20200930,ＮＩＳＳＨＡ,7915,その他製品,0.01%,TOPIX Small 1
20200930,ＪＳＰ,7942,化学,0.00%,TOPIX Small 1
20200930,ニチハ,7943,ガラス・土石製品,0.02%,TOPIX Small 1
20200930,象印マホービン,7965,電気機器,0.02%,TOPIX Small 1
20200930,信越ポリマ,7970,化学,0.01%,TOPIX Small 1
20200930,三菱鉛筆,7976,その他製品,0.01%,TOPIX Small 1
20200930,オカムラ,7994,その他製品,0.01%,TOPIX Small 1
20200930,バルカー,7995,化学,0.01%,TOPIX Small 1
20200930,４℃　ＨＤ,8008,小売業,0.01%,TOPIX Small 1
20200930,オンワードＨＤ,8016,繊維製品,0.01%,TOPIX Small 1
20200930,兼松,8020,卸売業,0.02%,TOPIX Small 1
20200930,ミズノ,8022,その他製品,0.01%,TOPIX Small 1
20200930,セイコーＨＤ,8050,精密機器,0.01%,TOPIX Small 1
20200930,山善,8051,卸売業,0.02%,TOPIX Small 1
20200930,正栄食,8079,卸売業,0.01%,TOPIX Small 1
20200930,稲畑産,8098,卸売業,0.01%,TOPIX Small 1
20200930,デサント,8114,繊維製品,0.01%,TOPIX Small 1
20200930,ワキタ,8125,卸売業,0.01%,TOPIX Small 1
20200930,エネクス,8133,卸売業,0.01%,TOPIX Small 1
20200930,リョーサン,8140,卸売業,0.01%,TOPIX Small 1
20200930,モスフード,8153,卸売業,0.02%,TOPIX Small 1
20200930,加賀電子,8154,卸売業,0.01%,TOPIX Small 1
20200930,三益半導,8155,金属製品,0.01%,TOPIX Small 1
20200930,木曽路,8160,小売業,0.01%,TOPIX Small 1
20200930,日瓦斯,8174,小売業,0.04%,TOPIX Small 1
20200930,ロイヤルＨＤ,8179,小売業,0.01%,TOPIX Small 1
20200930,チヨダ,8185,小売業,0.00%,TOPIX Small 1
20200930,リンガーハット,8200,小売業,0.01%,TOPIX Small 1
20200930,ＡＯＫＩ　ＨＤ,8214,小売業,0.00%,TOPIX Small 1
20200930,コメリ,8218,小売業,0.02%,TOPIX Small 1
20200930,青山商,8219,小売業,0.00%,TOPIX Small 1
20200930,松屋,8237,小売業,0.01%,TOPIX Small 1
20200930,平和堂,8276,小売業,0.02%,TOPIX Small 1
20200930,ヤオコー,8279,小売業,0.04%,TOPIX Small 1
20200930,ゼビオＨＤ,8281,小売業,0.00%,TOPIX Small 1
20200930,武蔵野銀,8336,銀行業,0.01%,TOPIX Small 1
20200930,十六銀,8356,銀行業,0.01%,TOPIX Small 1
20200930,大垣銀,8361,銀行業,0.02%,TOPIX Small 1
20200930,北国銀,8363,銀行業,0.01%,TOPIX Small 1
20200930,南都銀,8367,銀行業,0.01%,TOPIX Small 1
20200930,百五銀,8368,銀行業,0.01%,TOPIX Small 1
20200930,紀陽銀行,8370,銀行業,0.02%,TOPIX Small 1
20200930,山陰合銀,8381,銀行業,0.01%,TOPIX Small 1
20200930,阿波銀,8388,銀行業,0.02%,TOPIX Small 1
20200930,琉球銀,8399,銀行業,0.01%,TOPIX Small 1
20200930,芙蓉リース,8424,その他金融業,0.03%,TOPIX Small 1
20200930,みずほリース,8425,その他金融業,0.02%,TOPIX Small 1
20200930,日証金,8511,その他金融業,0.01%,TOPIX Small 1
20200930,アイフル,8515,その他金融業,0.02%,TOPIX Small 1
20200930,北洋銀行,8524,銀行業,0.01%,TOPIX Small 1
20200930,京葉銀,8544,銀行業,0.01%,TOPIX Small 1
20200930,リコーリース,8566,その他金融業,0.01%,TOPIX Small 1
20200930,ジャックス,8584,その他金融業,0.01%,TOPIX Small 1
20200930,オリコ,8585,その他金融業,0.01%,TOPIX Small 1
20200930,トモニＨＤ,8600,銀行業,0.01%,TOPIX Small 1
20200930,岡三,8609,証券、商品先物取引業,0.01%,TOPIX Small 1
20200930,丸三証,8613,証券、商品先物取引業,0.01%,TOPIX Small 1
20200930,東海東京,8616,証券、商品先物取引業,0.01%,TOPIX Small 1
20200930,いちよし,8624,証券、商品先物取引業,0.00%,TOPIX Small 1
20200930,マネックスＧ,8698,証券、商品先物取引業,0.01%,TOPIX Small 1
20200930,極東証券,8706,証券、商品先物取引業,0.00%,TOPIX Small 1
20200930,岩井コスモ,8707,証券、商品先物取引業,0.01%,TOPIX Small 1
20200930,池田泉州,8714,銀行業,0.01%,TOPIX Small 1
20200930,アニコム　ＨＤ,8715,保険業,0.02%,TOPIX Small 1
20200930,平和不,8803,不動産業,0.02%,TOPIX Small 1
20200930,ダイビル,8806,不動産業,0.01%,TOPIX Small 1
20200930,レオパレス２１,8848,不動産業,0.01%,TOPIX Small 1
20200930,スターツ,8850,不動産業,0.01%,TOPIX Small 1
20200930,ゴールドクレ,8871,不動産業,0.00%,TOPIX Small 1
20200930,日本エスコン,8892,不動産業,0.01%,TOPIX Small 1
20200930,タカラレーベン,8897,不動産業,0.01%,TOPIX Small 1
20200930,カチタス,8919,不動産業,0.03%,TOPIX Small 1
20200930,東祥,8920,サービス業,0.00%,TOPIX Small 1
20200930,トーセイ,8923,不動産業,0.01%,TOPIX Small 1
20200930,サンフロンティア,8934,不動産業,0.01%,TOPIX Small 1
20200930,富士急,9010,陸運業,0.02%,TOPIX Small 1
20200930,鴻池運輸,9025,陸運業,0.01%,TOPIX Small 1
20200930,ハマキョウ,9037,陸運業,0.01%,TOPIX Small 1
20200930,サカイ引越,9039,陸運業,0.01%,TOPIX Small 1
20200930,センコーグループＨＤ,9069,陸運業,0.02%,TOPIX Small 1
20200930,福山運,9075,陸運業,0.03%,TOPIX Small 1
20200930,日立物流,9086,陸運業,0.03%,TOPIX Small 1
20200930,丸和運輸機関,9090,陸運業,0.02%,TOPIX Small 1
20200930,川崎船,9107,海運業,0.02%,TOPIX Small 1
20200930,三井倉ＨＤ,9302,倉庫・運輸関連業,0.01%,TOPIX Small 1
20200930,住友倉,9303,倉庫・運輸関連業,0.02%,TOPIX Small 1
20200930,近鉄エクス,9375,倉庫・運輸関連業,0.02%,TOPIX Small 1
20200930,スカパーＪ,9412,情報・通信業,0.01%,TOPIX Small 1
20200930,ビジョン,9416,情報・通信業,0.00%,TOPIX Small 1
20200930,日本通信,9424,情報・通信業,0.01%,TOPIX Small 1
20200930,ＧＭＯ,9449,情報・通信業,0.04%,TOPIX Small 1
20200930,ＫＡＤＯＫＡＷＡ,9468,情報・通信業,0.03%,TOPIX Small 1
20200930,ゼンリン,9474,情報・通信業,0.01%,TOPIX Small 1
20200930,沖縄電力,9511,電気・ガス業,0.01%,TOPIX Small 1
20200930,イーレックス,9517,電気・ガス業,0.01%,TOPIX Small 1
20200930,レノバ,9519,電気・ガス業,0.01%,TOPIX Small 1
20200930,メタウォーター,9551,電気・ガス業,0.01%,TOPIX Small 1
20200930,Ｈ．Ｉ．Ｓ．,9603,サービス業,0.01%,TOPIX Small 1
20200930,東映,9605,情報・通信業,0.03%,TOPIX Small 1
20200930,共立メンテ,9616,サービス業,0.03%,TOPIX Small 1
20200930,都競馬,9672,サービス業,0.01%,TOPIX Small 1
20200930,カナモト,9678,サービス業,0.02%,TOPIX Small 1
20200930,東京ドーム,9681,サービス業,0.01%,TOPIX Small 1
20200930,ＤＴＳ,9682,情報・通信業,0.02%,TOPIX Small 1
20200930,シーイーシー,9692,情報・通信業,0.01%,TOPIX Small 1
20200930,西尾レントオール,9699,サービス業,0.01%,TOPIX Small 1
20200930,トランスコスモス,9715,サービス業,0.01%,TOPIX Small 1
20200930,乃村工芸,9716,サービス業,0.01%,TOPIX Small 1
20200930,藤田観,9722,サービス業,0.00%,TOPIX Small 1
20200930,ＣＳＰ,9740,サービス業,0.01%,TOPIX Small 1
20200930,丹青社,9743,サービス業,0.01%,TOPIX Small 1
20200930,富士ソフト,9749,情報・通信業,0.02%,TOPIX Small 1
20200930,船井総研ＨＤ,9757,サービス業,0.02%,TOPIX Small 1
20200930,ＮＳＤ,9759,情報・通信業,0.03%,TOPIX Small 1
20200930,イオンディライ,9787,サービス業,0.02%,TOPIX Small 1
20200930,ニチイ学館,9792,サービス業,0.01%,TOPIX Small 1
20200930,ダイセキ,9793,サービス業,0.02%,TOPIX Small 1
20200930,日鉄物産,9810,卸売業,0.01%,TOPIX Small 1
20200930,トラスコ中山,9830,卸売業,0.03%,TOPIX Small 1
20200930,加藤産業,9869,卸売業,0.02%,TOPIX Small 1
20200930,ミロク情報,9928,情報・通信業,0.01%,TOPIX Small 1
20200930,因幡電産,9934,卸売業,0.03%,TOPIX Small 1
20200930,王将フード,9936,小売業,0.02%,TOPIX Small 1
20200930,プレナス,9945,小売業,0.01%,TOPIX Small 1
20200930,ミニストップ,9946,小売業,0.00%,TOPIX Small 1
20200930,アークス,9948,小売業,0.02%,TOPIX Small 1
20200930,バローＨＤ,9956,小売業,0.03%,TOPIX Small 1
20200930,ベルーナ,9997,小売業,0.01%,TOPIX Small 1
