日付,銘柄名,コード,業種,TOPIXに占める個別銘柄のウェイト,ニューインデックス区分,調整係数対象銘柄
20200930,日水,1332,水産・農林業,0.03%,TOPIX Mid400,
20200930,マルハニチロ,1333,水産・農林業,0.02%,TOPIX Mid400,
20200930,国際帝石,1605,鉱業,0.12%,TOPIX Large70,
20200930,コムシスＨＤ,1721,建設業,0.06%,TOPIX Mid400,
20200930,大成建,1801,建設業,0.16%,TOPIX Mid400,
20200930,大林組,1802,建設業,0.13%,TOPIX Mid400,
20200930,清水建,1803,建設業,0.11%,TOPIX Mid400,
20200930,長谷工,1808,建設業,0.07%,TOPIX Mid400,
20200930,鹿島,1812,建設業,0.14%,TOPIX Mid400,
20200930,西松建,1820,建設業,0.02%,TOPIX Mid400,
20200930,三住建設,1821,建設業,0.01%,TOPIX Mid400,
20200930,前田建,1824,建設業,0.03%,TOPIX Mid400,
20200930,奥村組,1833,建設業,0.02%,TOPIX Mid400,
20200930,戸田建,1860,建設業,0.04%,TOPIX Mid400,
20200930,大東建,1878,建設業,0.14%,TOPIX Large70,
20200930,前田道,1883,建設業,0.02%,TOPIX Mid400,
20200930,五洋建,1893,建設業,0.04%,TOPIX Mid400,
20200930,住友林,1911,建設業,0.06%,TOPIX Mid400,
20200930,大和ハウス,1925,建設業,0.37%,TOPIX Large70,
20200930,積水ハウス,1928,建設業,0.28%,TOPIX Large70,
20200930,きんでん,1944,建設業,0.06%,TOPIX Mid400,
20200930,協エクシオ,1951,建設業,0.06%,TOPIX Mid400,
20200930,九電工,1959,建設業,0.03%,TOPIX Mid400,
20200930,日揮ＨＤ,1963,建設業,0.05%,TOPIX Mid400,
20200930,日清粉Ｇ,2002,食料品,0.08%,TOPIX Mid400,
20200930,日本Ｍ＆Ａ,2127,サービス業,0.19%,TOPIX Mid400,
20200930,ＳＭＳ,2175,サービス業,0.04%,TOPIX Mid400,
20200930,パーソルＨＤ,2181,サービス業,0.07%,TOPIX Mid400,
20200930,森永菓,2201,食料品,0.04%,TOPIX Mid400,
20200930,グリコ,2206,食料品,0.06%,TOPIX Mid400,
20200930,山崎パン,2212,食料品,0.06%,TOPIX Mid400,
20200930,カルビー,2229,食料品,0.07%,TOPIX Mid400,
20200930,森永乳,2264,食料品,0.05%,TOPIX Mid400,
20200930,ヤクルト,2267,食料品,0.18%,TOPIX Mid400,
20200930,明治ＨＤ,2269,食料品,0.23%,TOPIX Mid400,
20200930,雪印メグ,2270,食料品,0.03%,TOPIX Mid400,
20200930,日ハム,2282,食料品,0.08%,TOPIX Mid400,
20200930,ＡＬＳＯＫ,2331,サービス業,0.08%,TOPIX Mid400,
20200930,カカクコム,2371,サービス業,0.09%,TOPIX Mid400,
20200930,エムスリー,2413,サービス業,0.60%,TOPIX Mid400,
20200930,ディーエヌエー,2432,サービス業,0.03%,TOPIX Mid400,
20200930,博報堂ＤＹ,2433,サービス業,0.08%,TOPIX Mid400,
20200930,インフォマート,2492,サービス業,0.04%,TOPIX Mid400,
20200930,サッポロＨＤ,2501,食料品,0.03%,TOPIX Mid400,
20200930,アサヒ,2502,食料品,0.35%,TOPIX Large70,
20200930,キリンＨＤ,2503,食料品,0.37%,TOPIX Large70,
20200930,宝ＨＬＤ,2531,食料品,0.04%,TOPIX Mid400,
20200930,コカ・コーラＢＪＨ,2579,食料品,0.06%,TOPIX Mid400,
20200930,サントリーＢＦ,2587,食料品,0.12%,TOPIX Mid400,
20200930,伊藤園,2593,食料品,0.10%,TOPIX Mid400,
20200930,不二製油Ｇ,2607,食料品,0.04%,TOPIX Mid400,
20200930,ローソン,2651,小売業,0.05%,TOPIX Mid400,
20200930,ＡＢＣマート,2670,小売業,0.04%,TOPIX Mid400,
20200930,双日,2768,卸売業,0.06%,TOPIX Mid400,
20200930,アルフレッサＨＤ,2784,卸売業,0.11%,TOPIX Mid400,
20200930,キッコマン,2801,食料品,0.18%,TOPIX Mid400,
20200930,味の素,2802,食料品,0.21%,TOPIX Large70,
20200930,キユーピー,2809,食料品,0.05%,TOPIX Mid400,
20200930,ハウス食Ｇ,2810,食料品,0.06%,TOPIX Mid400,
20200930,カゴメ,2811,食料品,0.07%,TOPIX Mid400,
20200930,アリアケ,2815,食料品,0.03%,TOPIX Mid400,
20200930,ニチレイ,2871,食料品,0.06%,TOPIX Mid400,
20200930,東洋水産,2875,食料品,0.13%,TOPIX Mid400,
20200930,日清食ＨＤ,2897,食料品,0.19%,TOPIX Mid400,
20200930,ＪＴ,2914,食料品,0.45%,TOPIX Core30,
20200930,ヒューリック,3003,不動産業,0.09%,TOPIX Mid400,
20200930,神戸物産,3038,卸売業,0.09%,TOPIX Mid400,
20200930,ＭＲＯ,3064,小売業,0.16%,TOPIX Mid400,
20200930,Ｊフロント,3086,小売業,0.04%,TOPIX Mid400,
20200930,マツモトキヨシ,3088,小売業,0.07%,TOPIX Mid400,
20200930,ＺＯＺＯ,3092,小売業,0.09%,TOPIX Mid400,
20200930,ミツコシイセタン,3099,小売業,0.04%,TOPIX Mid400,
20200930,東洋紡,3101,繊維製品,0.02%,TOPIX Mid400,
20200930,日清紡ＨＤ,3105,電気機器,0.02%,TOPIX Mid400,
20200930,トヨタ紡織,3116,輸送用機器,0.02%,TOPIX Mid400,
20200930,ウエルシアＨＤ,3141,小売業,0.12%,TOPIX Mid400,
20200930,すかいらーくＨＤ,3197,小売業,0.07%,TOPIX Mid400,
20200930,野村不ＨＤ,3231,不動産業,0.05%,TOPIX Mid400,
20200930,オープンハウス,3288,不動産業,0.05%,TOPIX Mid400,
20200930,東急不ＨＤ,3289,不動産業,0.05%,TOPIX Mid400,
20200930,飯田ＧＨＤ,3291,不動産業,0.08%,TOPIX Mid400,
20200930,コスモス薬品,3349,小売業,0.07%,TOPIX Mid400,
20200930,シップＨＤ,3360,卸売業,0.04%,TOPIX Mid400,
20200930,７＆ｉＨＤ,3382,小売業,0.55%,TOPIX Core30,
20200930,ツルハＨＤ,3391,小売業,0.14%,TOPIX Mid400,
20200930,帝人,3401,繊維製品,0.06%,TOPIX Mid400,
20200930,東レ,3402,繊維製品,0.15%,TOPIX Large70,
20200930,クラレ,3405,化学,0.07%,TOPIX Mid400,
20200930,旭化成,3407,化学,0.26%,TOPIX Large70,
20200930,ＳＵＭＣＯ,3436,金属製品,0.08%,TOPIX Mid400,
20200930,クスリのアオキＨＤ,3549,小売業,0.03%,TOPIX Mid400,
20200930,ワコールＨＤ,3591,繊維製品,0.02%,TOPIX Mid400,
20200930,ＴＩＳ,3626,情報・通信業,0.10%,TOPIX Mid400,
20200930,ネクソン,3659,情報・通信業,0.28%,TOPIX Mid400,
20200930,ガンホー,3765,情報・通信業,0.02%,TOPIX Mid400,
20200930,ＧＭＯＰＧ,3769,情報・通信業,0.10%,TOPIX Mid400,
20200930,王子ＨＤ,3861,パルプ・紙,0.09%,TOPIX Mid400,
20200930,日本紙,3863,パルプ・紙,0.02%,TOPIX Mid400,
20200930,ＬＩＮＥ,3938,情報・通信業,0.05%,TOPIX Mid400,
20200930,レンゴー,3941,パルプ・紙,0.03%,TOPIX Mid400,
20200930,昭電工,4004,化学,0.06%,TOPIX Mid400,
20200930,住友化,4005,化学,0.11%,TOPIX Mid400,
20200930,日産化,4021,化学,0.13%,TOPIX Mid400,
20200930,東ソー,4042,化学,0.11%,TOPIX Mid400,
20200930,トクヤマ,4043,化学,0.03%,TOPIX Mid400,
20200930,セ硝子,4044,化学,0.02%,TOPIX Mid400,
20200930,東亜合,4045,化学,0.03%,TOPIX Mid400,
20200930,デンカ,4061,化学,0.05%,TOPIX Mid400,
20200930,イビデン,4062,電気機器,0.10%,TOPIX Mid400,
20200930,信越化,4063,化学,1.01%,TOPIX Core30,
20200930,エア・ウォーター,4088,化学,0.06%,TOPIX Mid400,
20200930,大陽日酸,4091,化学,0.07%,TOPIX Mid400,
20200930,日パーカライ,4095,化学,0.02%,TOPIX Mid400,
20200930,日触媒,4114,化学,0.04%,TOPIX Mid400,
20200930,カネカ,4118,化学,0.03%,TOPIX Mid400,
20200930,協和キリン,4151,医薬品,0.13%,TOPIX Mid400,
20200930,菱瓦斯化,4182,化学,0.08%,TOPIX Mid400,
20200930,三井化学,4183,化学,0.10%,TOPIX Mid400,
20200930,ＪＳＲ,4185,化学,0.10%,TOPIX Mid400,
20200930,東応化,4186,化学,0.04%,TOPIX Mid400,
20200930,三菱ケミＨＤ,4188,化学,0.17%,TOPIX Large70,
20200930,ダイセル,4202,化学,0.04%,TOPIX Mid400,
20200930,住友ベーク,4203,化学,0.02%,TOPIX Mid400,
20200930,積水化,4204,化学,0.15%,TOPIX Mid400,
20200930,日ゼオン,4205,化学,0.04%,TOPIX Mid400,
20200930,アイカ工,4206,化学,0.05%,TOPIX Mid400,
20200930,宇部興,4208,化学,0.04%,TOPIX Mid400,
20200930,日化薬,4272,化学,0.02%,TOPIX Mid400,
20200930,ＮＲＩ,4307,情報・通信業,0.19%,TOPIX Mid400,
20200930,電通グループ,4324,サービス業,0.15%,TOPIX Mid400,
20200930,ＡＤＥＫＡ,4401,化学,0.03%,TOPIX Mid400,
20200930,日油,4403,化学,0.07%,TOPIX Mid400,
20200930,花王,4452,化学,0.83%,TOPIX Core30,
20200930,武田薬,4502,医薬品,1.37%,TOPIX Core30,
20200930,アステラス薬,4503,医薬品,0.60%,TOPIX Core30,
20200930,大日住薬,4506,医薬品,0.05%,TOPIX Mid400,
20200930,塩野義薬,4507,医薬品,0.31%,TOPIX Large70,
20200930,日本新薬,4516,医薬品,0.10%,TOPIX Mid400,
20200930,中外薬,4519,医薬品,0.65%,TOPIX Large70,
20200930,科研薬,4521,医薬品,0.04%,TOPIX Mid400,
20200930,エーザイ,4523,医薬品,0.50%,TOPIX Large70,
20200930,ロート薬,4527,医薬品,0.08%,TOPIX Mid400,
20200930,小野薬,4528,医薬品,0.33%,TOPIX Large70,
20200930,久光薬,4530,医薬品,0.06%,TOPIX Mid400,
20200930,持田薬,4534,医薬品,0.03%,TOPIX Mid400,
20200930,参天薬,4536,医薬品,0.18%,TOPIX Mid400,
20200930,ツムラ,4540,医薬品,0.04%,TOPIX Mid400,
20200930,テルモ,4543,精密機器,0.52%,TOPIX Large70,
20200930,ＨＵグループＨＤ,4544,サービス業,0.03%,TOPIX Mid400,
20200930,キッセイ薬,4547,医薬品,0.02%,TOPIX Mid400,
20200930,沢井薬,4555,医薬品,0.05%,TOPIX Mid400,
20200930,第一三共,4568,医薬品,1.22%,TOPIX Core30,
20200930,大塚ＨＤ,4578,医薬品,0.41%,TOPIX Large70,
20200930,大正薬ＨＤ,4581,医薬品,0.06%,TOPIX Mid400,
20200930,ペプチドリーム,4587,医薬品,0.11%,TOPIX Mid400,
20200930,日ペイントＨＤ,4612,化学,0.38%,TOPIX Mid400,
20200930,関ペイント,4613,化学,0.13%,TOPIX Mid400,
20200930,ＤＩＣ,4631,化学,0.05%,TOPIX Mid400,
20200930,ＯＬＣ,4661,サービス業,0.66%,TOPIX Large70,
20200930,ダスキン,4665,サービス業,0.03%,TOPIX Mid400,
20200930,パーク２４,4666,不動産業,0.04%,TOPIX Mid400,
20200930,フジＨＤ,4676,情報・通信業,0.04%,TOPIX Mid400,
20200930,リゾートトラ,4681,サービス業,0.03%,TOPIX Mid400,
20200930,オービック,4684,情報・通信業,0.28%,TOPIX Mid400,
20200930,Ｚホールディングス,4689,情報・通信業,0.41%,TOPIX Mid400,
20200930,トレンド,4704,情報・通信業,0.15%,TOPIX Mid400,
20200930,日本オラクル,4716,情報・通信業,0.10%,TOPIX Mid400,
20200930,ＵＳＳ,4732,サービス業,0.09%,TOPIX Mid400,
20200930,ＣＴＣ,4739,情報・通信業,0.08%,TOPIX Mid400,
20200930,サイバーエージェント,4751,サービス業,0.17%,TOPIX Mid400,
20200930,楽天,4755,サービス業,0.22%,TOPIX Mid400,
20200930,大塚商会,4768,情報・通信業,0.13%,TOPIX Mid400,
20200930,富士フイルム,4901,化学,0.44%,TOPIX Large70,
20200930,コニカミノルタ,4902,電気機器,0.03%,TOPIX Mid400,
20200930,資生堂,4911,化学,0.53%,TOPIX Large70,
20200930,ライオン,4912,化学,0.12%,TOPIX Mid400,
20200930,ファンケル,4921,化学,0.06%,TOPIX Mid400,
20200930,コーセー,4922,化学,0.11%,TOPIX Mid400,
20200930,ポーラオルＨＤ,4927,化学,0.04%,TOPIX Mid400,
20200930,小林製薬,4967,化学,0.13%,TOPIX Mid400,
20200930,出光興産,5019,石油・石炭製品,0.11%,TOPIX Mid400,
20200930,ＥＮＥＯＳ,5020,石油・石炭製品,0.25%,TOPIX Large70,
20200930,コスモエネルギーＨＤ,5021,石油・石炭製品,0.02%,TOPIX Mid400,
20200930,浜ゴム,5101,ゴム製品,0.04%,TOPIX Mid400,
20200930,ＴＯＹＯ　ＴＩＲＥ,5105,ゴム製品,0.04%,TOPIX Mid400,
20200930,ブリヂス,5108,ゴム製品,0.39%,TOPIX Large70,
20200930,住友ゴム,5110,ゴム製品,0.04%,TOPIX Mid400,
20200930,ＡＧＣ,5201,ガラス・土石製品,0.12%,TOPIX Mid400,
20200930,日電硝,5214,ガラス・土石製品,0.03%,TOPIX Mid400,
20200930,住友大阪,5232,ガラス・土石製品,0.03%,TOPIX Mid400,
20200930,太平洋セメ,5233,ガラス・土石製品,0.07%,TOPIX Mid400,
20200930,東海カーボ,5301,ガラス・土石製品,0.05%,TOPIX Mid400,
20200930,ＴＯＴＯ,5332,ガラス・土石製品,0.15%,TOPIX Mid400,
20200930,日本ガイシ,5333,ガラス・土石製品,0.08%,TOPIX Mid400,
20200930,日特殊陶,5334,ガラス・土石製品,0.06%,TOPIX Mid400,
20200930,日本製鉄,5401,鉄鋼,0.19%,TOPIX Large70,
20200930,神戸鋼,5406,鉄鋼,0.03%,TOPIX Mid400,
20200930,ＪＦＥ,5411,鉄鋼,0.09%,TOPIX Mid400,
20200930,大和工,5444,鉄鋼,0.02%,TOPIX Mid400,
20200930,丸一鋼管,5463,鉄鋼,0.04%,TOPIX Mid400,
20200930,大同特鋼,5471,鉄鋼,0.02%,TOPIX Mid400,
20200930,日立金,5486,鉄鋼,0.08%,TOPIX Mid400,
20200930,日製鋼所,5631,機械,0.02%,TOPIX Mid400,
20200930,日軽金ＨＤ,5703,非鉄金属,0.02%,TOPIX Mid400,
20200930,三井金,5706,非鉄金属,0.03%,TOPIX Mid400,
20200930,三菱マ,5711,非鉄金属,0.06%,TOPIX Mid400,
20200930,住友鉱,5713,非鉄金属,0.18%,TOPIX Large70,
20200930,ＤＯＷＡ,5714,非鉄金属,0.03%,TOPIX Mid400,
20200930,古河電工,5801,非鉄金属,0.03%,TOPIX Mid400,
20200930,住友電工,5802,非鉄金属,0.19%,TOPIX Large70,
20200930,フジクラ,5803,非鉄金属,0.02%,TOPIX Mid400,
20200930,洋缶ＨＤ,5901,金属製品,0.03%,TOPIX Mid400,
20200930,三和ＨＤ,5929,金属製品,0.05%,TOPIX Mid400,
20200930,ＬＩＸＩＬ　Ｇ,5938,金属製品,0.14%,TOPIX Mid400,
20200930,リンナイ,5947,金属製品,0.09%,TOPIX Mid400,
20200930,ニッパツ,5991,金属製品,0.03%,TOPIX Mid400,
20200930,三浦工,6005,機械,0.10%,TOPIX Mid400,
20200930,テクノプロＨＤ,6028,サービス業,0.05%,TOPIX Mid400,
20200930,リクルートＨＤ,6098,サービス業,1.25%,TOPIX Core30,
20200930,オークマ,6103,機械,0.02%,TOPIX Mid400,
20200930,アマダ,6113,機械,0.05%,TOPIX Mid400,
20200930,ＯＳＧ,6136,機械,0.04%,TOPIX Mid400,
20200930,ＤＭＧ森精機,6141,機械,0.04%,TOPIX Mid400,
20200930,ディスコ,6146,機械,0.15%,TOPIX Mid400,
20200930,日本郵政,6178,サービス業,0.25%,TOPIX Large70,
20200930,豊田織,6201,輸送用機器,0.24%,TOPIX Mid400,
20200930,ナブテスコ,6268,機械,0.10%,TOPIX Mid400,
20200930,ＳＭＣ,6273,機械,0.81%,TOPIX Large70,
20200930,コマツ,6301,機械,0.46%,TOPIX Large70,
20200930,住友重,6302,機械,0.06%,TOPIX Mid400,
20200930,日立建機,6305,機械,0.07%,TOPIX Mid400,
20200930,クボタ,6326,機械,0.44%,TOPIX Large70,
20200930,荏原製,6361,機械,0.05%,TOPIX Mid400,
20200930,ダイキン工,6367,機械,1.08%,TOPIX Large70,
20200930,栗田工,6370,機械,0.08%,TOPIX Mid400,
20200930,ダイフク,6383,機械,0.24%,TOPIX Mid400,
20200930,タダノ,6395,機械,0.02%,TOPIX Mid400,
20200930,ＳＡＮＫＹＯ,6417,機械,0.03%,TOPIX Mid400,
20200930,アマノ,6436,機械,0.03%,TOPIX Mid400,
20200930,ブラザー,6448,電気機器,0.09%,TOPIX Mid400,
20200930,グローリー,6457,機械,0.03%,TOPIX Mid400,
20200930,セガサミーＨＤ,6460,機械,0.06%,TOPIX Mid400,
20200930,ホシザキ,6465,機械,0.12%,TOPIX Mid400,
20200930,日本精工,6471,機械,0.07%,TOPIX Mid400,
20200930,ＮＴＮ,6472,機械,0.02%,TOPIX Mid400,
20200930,ジェイテクト,6473,機械,0.03%,TOPIX Mid400,
20200930,不二越,6474,機械,0.02%,TOPIX Mid400,
20200930,ミネベアミツミ,6479,電気機器,0.16%,TOPIX Mid400,
20200930,ＴＨＫ,6481,機械,0.07%,TOPIX Mid400,
20200930,日立,6501,電気機器,0.75%,TOPIX Core30,
20200930,三菱電,6503,電気機器,0.62%,TOPIX Large70,
20200930,富士電機,6504,電気機器,0.09%,TOPIX Mid400,
20200930,安川電,6506,電気機器,0.19%,TOPIX Mid400,
20200930,マキタ,6586,機械,0.29%,TOPIX Mid400,
20200930,マブチモーター,6592,電気機器,0.05%,TOPIX Mid400,
20200930,日本電産,6594,電気機器,1.04%,TOPIX Large70,
20200930,オムロン,6645,電気機器,0.32%,TOPIX Mid400,
20200930,ＧＳユアサ,6674,電気機器,0.03%,TOPIX Mid400,
20200930,ＮＥＣ,6701,電気機器,0.33%,TOPIX Mid400,
20200930,富士通,6702,電気機器,0.61%,TOPIX Large70,
20200930,ＯＫＩ,6703,電気機器,0.02%,TOPIX Mid400,
20200930,ルネサス,6723,電気機器,0.14%,TOPIX Mid400,
20200930,エプソン,6724,電気機器,0.07%,TOPIX Mid400,
20200930,アルバック,6728,電気機器,0.03%,TOPIX Mid400,
20200930,パナソニック,6752,電気機器,0.45%,TOPIX Large70,
20200930,シャープ,6753,電気機器,0.07%,TOPIX Mid400,
20200930,アンリツ,6754,電気機器,0.07%,TOPIX Mid400,
20200930,富士通ゼ,6755,電気機器,0.04%,TOPIX Mid400,
20200930,ソニー,6758,電気機器,2.21%,TOPIX Core30,
20200930,ＴＤＫ,6762,電気機器,0.24%,TOPIX Mid400,
20200930,アルプスアルパイン,6770,電気機器,0.05%,TOPIX Mid400,
20200930,ヒロセ電,6806,電気機器,0.09%,TOPIX Mid400,
20200930,横河電,6841,電気機器,0.07%,TOPIX Mid400,
20200930,アズビル,6845,電気機器,0.11%,TOPIX Mid400,
20200930,日本光電,6849,電気機器,0.06%,TOPIX Mid400,
20200930,堀場製,6856,電気機器,0.05%,TOPIX Mid400,
20200930,アドバンテス,6857,電気機器,0.17%,TOPIX Mid400,
20200930,キーエンス,6861,電気機器,1.95%,TOPIX Core30,
20200930,シスメックス,6869,電気機器,0.31%,TOPIX Large70,
20200930,デンソー,6902,輸送用機器,0.44%,TOPIX Large70,
20200930,レーザーテック,6920,電気機器,0.17%,TOPIX Mid400,
20200930,スタンレー電,6923,電気機器,0.09%,TOPIX Mid400,
20200930,ウシオ電,6925,電気機器,0.03%,TOPIX Mid400,
20200930,カシオ計,6952,電気機器,0.07%,TOPIX Mid400,
20200930,ファナック,6954,電気機器,0.83%,TOPIX Core30,
20200930,ローム,6963,電気機器,0.15%,TOPIX Mid400,
20200930,浜松ホトニク,6965,電気機器,0.17%,TOPIX Mid400,
20200930,京セラ,6971,電気機器,0.37%,TOPIX Large70,
20200930,太陽誘電,6976,電気機器,0.06%,TOPIX Mid400,
20200930,村田製,6981,電気機器,0.87%,TOPIX Core30,
20200930,日東電,6988,化学,0.21%,TOPIX Mid400,
20200930,東海理電,6995,輸送用機器,0.02%,TOPIX Mid400,
20200930,三菱重,7011,機械,0.17%,TOPIX Large70,
20200930,川崎重,7012,輸送用機器,0.05%,TOPIX Mid400,
20200930,ＩＨＩ,7013,機械,0.04%,TOPIX Mid400,
20200930,全国保証,7164,その他金融業,0.05%,TOPIX Mid400,
20200930,めぶきＦＧ,7167,銀行業,0.05%,TOPIX Mid400,
20200930,九州ＦＧ,7180,銀行業,0.05%,TOPIX Mid400,
20200930,かんぽ生命保険,7181,保険業,0.03%,TOPIX Mid400,
20200930,ゆうちょ銀行,7182,銀行業,0.10%,TOPIX Mid400,
20200930,コンコルディアＦＧ,7186,銀行業,0.09%,TOPIX Mid400,
20200930,西日本ＦＨ,7189,銀行業,0.02%,TOPIX Mid400,
20200930,日産自,7201,輸送用機器,0.19%,TOPIX Large70,
20200930,いすゞ自,7202,輸送用機器,0.12%,TOPIX Large70,
20200930,トヨタ自,7203,輸送用機器,3.40%,TOPIX Core30,
20200930,日野自,7205,輸送用機器,0.04%,TOPIX Mid400,
20200930,三菱自,7211,輸送用機器,0.04%,TOPIX Mid400,
20200930,ＮＯＫ,7240,輸送用機器,0.03%,TOPIX Mid400,
20200930,アイシン精機,7259,輸送用機器,0.12%,TOPIX Mid400,
20200930,マツダ,7261,輸送用機器,0.08%,TOPIX Mid400,
20200930,ホンダ,7267,輸送用機器,0.85%,TOPIX Core30,
20200930,スズキ,7269,輸送用機器,0.39%,TOPIX Large70,
20200930,ＳＵＢＡＲＵ,7270,輸送用機器,0.28%,TOPIX Large70,
20200930,ヤマハ発,7272,輸送用機器,0.09%,TOPIX Mid400,
20200930,小糸製,7276,電気機器,0.14%,TOPIX Mid400,
20200930,豊田合,7282,輸送用機器,0.03%,TOPIX Mid400,
20200930,シマノ,7309,輸送用機器,0.34%,TOPIX Mid400,
20200930,ＴＳテック,7313,輸送用機器,0.03%,TOPIX Mid400,
20200930,第四北越ＦＧ,7327,銀行業,0.02%,TOPIX Mid400,○
20200930,良品計画,7453,小売業,0.10%,TOPIX Mid400,
20200930,第一興商,7458,卸売業,0.02%,TOPIX Mid400,○
20200930,メディパル,7459,卸売業,0.10%,TOPIX Mid400,
20200930,ネットワン,7518,情報・通信業,0.08%,TOPIX Mid400,
20200930,パンパシフィックＨＤ,7532,小売業,0.23%,TOPIX Mid400,
20200930,ゼンショーＨＤ,7550,小売業,0.05%,TOPIX Mid400,
20200930,コロワイド,7616,小売業,0.03%,TOPIX Mid400,
20200930,スギＨＤ,7649,小売業,0.06%,TOPIX Mid400,
20200930,島津製,7701,精密機器,0.17%,TOPIX Mid400,
20200930,マニー,7730,精密機器,0.05%,TOPIX Mid400,
20200930,ニコン,7731,精密機器,0.05%,TOPIX Mid400,
20200930,トプコン,7732,精密機器,0.02%,TOPIX Mid400,
20200930,オリンパス,7733,精密機器,0.53%,TOPIX Large70,
20200930,スクリン,7735,電気機器,0.04%,TOPIX Mid400,
20200930,ＨＯＹＡ,7741,精密機器,1.03%,TOPIX Large70,
20200930,アサヒインテック,7747,精密機器,0.16%,TOPIX Mid400,
20200930,キヤノン,7751,電気機器,0.38%,TOPIX Core30,
20200930,リコー,7752,電気機器,0.08%,TOPIX Mid400,
20200930,シチズン時計,7762,精密機器,0.02%,TOPIX Mid400,
20200930,バンナムＨＤ,7832,その他製品,0.35%,TOPIX Large70,
20200930,パイロット,7846,その他製品,0.02%,TOPIX Mid400,
20200930,凸版印,7911,その他製品,0.09%,TOPIX Mid400,
20200930,大日印,7912,その他製品,0.12%,TOPIX Mid400,
20200930,アシックス,7936,その他製品,0.06%,TOPIX Mid400,
20200930,エフピコ,7947,化学,0.04%,TOPIX Mid400,
20200930,ヤマハ,7951,その他製品,0.13%,TOPIX Mid400,
20200930,ピジョン,7956,その他製品,0.13%,TOPIX Mid400,
20200930,リンテック,7966,その他製品,0.03%,TOPIX Mid400,
20200930,任天堂,7974,その他製品,1.61%,TOPIX Core30,
20200930,コクヨ,7984,その他製品,0.03%,TOPIX Mid400,
20200930,ニフコ,7988,化学,0.05%,TOPIX Mid400,
20200930,伊藤忠,8001,卸売業,0.81%,TOPIX Large70,
20200930,丸紅,8002,卸売業,0.27%,TOPIX Large70,
20200930,長瀬産,8012,卸売業,0.04%,TOPIX Mid400,
20200930,豊田通商,8015,卸売業,0.14%,TOPIX Mid400,
20200930,ファミリーマート,8028,小売業,0.08%,TOPIX Mid400,
20200930,三井物産,8031,卸売業,0.67%,TOPIX Core30,
20200930,東エレク,8035,電気機器,0.76%,TOPIX Large70,
20200930,住友商,8053,卸売業,0.34%,TOPIX Large70,
20200930,日ユニシス,8056,情報・通信業,0.04%,TOPIX Mid400,
20200930,三菱商事,8058,卸売業,0.71%,TOPIX Core30,
20200930,キヤノンＭＪ,8060,卸売業,0.02%,TOPIX Mid400,
20200930,阪和興,8078,卸売業,0.02%,TOPIX Mid400,
20200930,ニプロ,8086,精密機器,0.04%,TOPIX Mid400,
20200930,岩谷産,8088,卸売業,0.04%,TOPIX Mid400,
20200930,ゴルドウイン,8111,繊維製品,0.07%,TOPIX Mid400,
20200930,ユニチャーム,8113,化学,0.44%,TOPIX Large70,
20200930,東邦ＨＤ,8129,卸売業,0.03%,TOPIX Mid400,
20200930,サンゲツ,8130,卸売業,0.02%,TOPIX Mid400,
20200930,サンリオ,8136,卸売業,0.02%,TOPIX Mid400,
20200930,島忠,8184,小売業,0.03%,TOPIX Mid400,
20200930,しまむら,8227,小売業,0.05%,TOPIX Mid400,
20200930,高島屋,8233,小売業,0.03%,TOPIX Mid400,
20200930,Ｈ２Ｏリテイル,8242,小売業,0.01%,TOPIX Mid400,
20200930,丸井Ｇ,8252,小売業,0.08%,TOPIX Mid400,
20200930,クレセゾン,8253,その他金融業,0.03%,TOPIX Mid400,
20200930,イオン,8267,小売業,0.47%,TOPIX Large70,
20200930,イズミ,8273,小売業,0.03%,TOPIX Mid400,
20200930,ケーズＨＤ,8282,小売業,0.06%,TOPIX Mid400,
20200930,ＰＡＬＴＡＣ,8283,卸売業,0.04%,TOPIX Mid400,
20200930,新生銀,8303,銀行業,0.04%,TOPIX Mid400,
20200930,あおぞら,8304,銀行業,0.05%,TOPIX Mid400,
20200930,三菱ＵＦＪ,8306,銀行業,1.23%,TOPIX Core30,
20200930,りそなＨＤ,8308,銀行業,0.17%,TOPIX Large70,
20200930,三住トラスト,8309,銀行業,0.23%,TOPIX Large70,
20200930,三井住友,8316,銀行業,0.87%,TOPIX Core30,
20200930,千葉銀,8331,銀行業,0.08%,TOPIX Mid400,
20200930,群馬銀,8334,銀行業,0.03%,TOPIX Mid400,
20200930,七十七銀,8341,銀行業,0.02%,TOPIX Mid400,
20200930,ふくおか,8354,銀行業,0.06%,TOPIX Mid400,
20200930,静岡銀,8355,銀行業,0.08%,TOPIX Mid400,
20200930,スルガ銀,8358,銀行業,0.02%,TOPIX Mid400,
20200930,八十二銀,8359,銀行業,0.04%,TOPIX Mid400,
20200930,滋賀銀,8366,銀行業,0.02%,TOPIX Mid400,○
20200930,京都銀,8369,銀行業,0.08%,TOPIX Mid400,
20200930,ほくほく,8377,銀行業,0.03%,TOPIX Mid400,
20200930,広島銀,8379,銀行業,0.04%,TOPIX Mid400,
20200930,中国銀,8382,銀行業,0.04%,TOPIX Mid400,
20200930,伊予銀,8385,銀行業,0.04%,TOPIX Mid400,
20200930,セブン銀行,8410,銀行業,0.04%,TOPIX Mid400,
20200930,みずほ,8411,銀行業,0.77%,TOPIX Core30,
20200930,山口ＦＧ,8418,銀行業,0.04%,TOPIX Mid400,
20200930,東京センチュリー,8439,その他金融業,0.05%,TOPIX Mid400,
20200930,ＳＢＩ,8473,証券、商品先物取引業,0.13%,TOPIX Mid400,
20200930,イオンＦＳ,8570,その他金融業,0.03%,TOPIX Mid400,
20200930,アコム,8572,その他金融業,0.04%,TOPIX Mid400,
20200930,日立キャピ,8586,その他金融業,0.03%,TOPIX Mid400,
20200930,オリックス,8591,その他金融業,0.35%,TOPIX Large70,
20200930,三菱Ｕリース,8593,その他金融業,0.05%,TOPIX Mid400,
20200930,ジャフコ,8595,証券、商品先物取引業,0.03%,TOPIX Mid400,
20200930,大和証Ｇ,8601,証券、商品先物取引業,0.15%,TOPIX Large70,
20200930,野村,8604,証券、商品先物取引業,0.36%,TOPIX Large70,
20200930,松井証,8628,証券、商品先物取引業,0.02%,TOPIX Mid400,
20200930,ＳＯＭＰＯＨＤ,8630,保険業,0.30%,TOPIX Large70,
20200930,ＪＰＸ,8697,その他金融業,0.37%,TOPIX Mid400,
20200930,ＭＳ＆ＡＤ,8725,保険業,0.32%,TOPIX Large70,
20200930,第一生命ＨＤ,8750,保険業,0.36%,TOPIX Large70,
20200930,東京海上,8766,保険業,0.70%,TOPIX Core30,
20200930,Ｔ＆ＤＨＤ,8795,保険業,0.13%,TOPIX Mid400,
20200930,三井不,8801,不動産業,0.38%,TOPIX Large70,
20200930,三菱地所,8802,不動産業,0.48%,TOPIX Core30,
20200930,東建物,8804,不動産業,0.05%,TOPIX Mid400,
20200930,住友不,8830,不動産業,0.30%,TOPIX Large70,
20200930,リログループ,8876,サービス業,0.06%,TOPIX Mid400,
20200930,イオンモール,8905,不動産業,0.03%,TOPIX Mid400,
20200930,東武,9001,陸運業,0.15%,TOPIX Mid400,
20200930,相鉄ＨＤ,9003,陸運業,0.04%,TOPIX Mid400,○
20200930,東急,9005,陸運業,0.15%,TOPIX Mid400,
20200930,京急,9006,陸運業,0.09%,TOPIX Mid400,
20200930,小田急,9007,陸運業,0.17%,TOPIX Mid400,
20200930,京王,9008,陸運業,0.15%,TOPIX Mid400,
20200930,京成,9009,陸運業,0.09%,TOPIX Mid400,
20200930,ＪＲ東,9020,陸運業,0.50%,TOPIX Core30,
20200930,ＪＲ西,9021,陸運業,0.20%,TOPIX Large70,
20200930,ＪＲ東海,9022,陸運業,0.55%,TOPIX Core30,
20200930,西武ホールディングス,9024,陸運業,0.06%,TOPIX Mid400,
20200930,西鉄,9031,陸運業,0.04%,TOPIX Mid400,○
20200930,近鉄ＧＨＤ,9041,陸運業,0.19%,TOPIX Mid400,
20200930,阪急阪神,9042,陸運業,0.19%,TOPIX Mid400,
20200930,南海電鉄,9044,陸運業,0.05%,TOPIX Mid400,○
20200930,京阪ＨＤ,9045,陸運業,0.08%,TOPIX Mid400,○
20200930,名鉄,9048,陸運業,0.10%,TOPIX Mid400,○
20200930,日通,9062,陸運業,0.09%,TOPIX Mid400,
20200930,ヤマトＨＤ,9064,陸運業,0.20%,TOPIX Mid400,
20200930,山九,9065,陸運業,0.05%,TOPIX Mid400,
20200930,ニッコンＨＤ,9072,陸運業,0.03%,TOPIX Mid400,
20200930,セイノーＨＤ,9076,陸運業,0.05%,TOPIX Mid400,
20200930,郵船,9101,海運業,0.06%,TOPIX Mid400,
20200930,商船三井,9104,海運業,0.05%,TOPIX Mid400,
20200930,ＪＲ九州,9142,陸運業,0.08%,TOPIX Mid400,
20200930,ＳＧホールディングス,9143,陸運業,0.24%,TOPIX Mid400,
20200930,ＪＡＬ,9201,空運業,0.14%,TOPIX Large70,
20200930,ＡＮＡ,9202,空運業,0.18%,TOPIX Large70,
20200930,三菱倉,9301,倉庫・運輸関連業,0.04%,TOPIX Mid400,
20200930,上組,9364,倉庫・運輸関連業,0.05%,TOPIX Mid400,
20200930,ＴＢＳＨＤ,9401,情報・通信業,0.05%,TOPIX Mid400,
20200930,日テレＨＤ,9404,情報・通信業,0.04%,TOPIX Mid400,
20200930,テレビ朝日ＨＤ,9409,情報・通信業,0.02%,TOPIX Mid400,
20200930,ＮＴＴ,9432,情報・通信業,1.24%,TOPIX Core30,
20200930,ＫＤＤＩ,9433,情報・通信業,0.83%,TOPIX Core30,
20200930,ソフトバンク,9434,情報・通信業,0.46%,TOPIX Large70,
20200930,光通信,9435,情報・通信業,0.11%,TOPIX Mid400,
20200930,ＮＴＴドコモ,9437,情報・通信業,1.20%,TOPIX Core30,
20200930,東電力ＨＤ,9501,電気・ガス業,0.10%,TOPIX Mid400,
20200930,中部電力,9502,電気・ガス業,0%,TOPIX Large70,
20200930,関西電力,9503,電気・ガス業,0.17%,TOPIX Large70,
20200930,中国電力,9504,電気・ガス業,0.08%,TOPIX Mid400,
20200930,北陸電力,9505,電気・ガス業,0.03%,TOPIX Mid400,
20200930,東北電力,9506,電気・ガス業,0.12%,TOPIX Mid400,
20200930,四国電力,9507,電気・ガス業,0.03%,TOPIX Mid400,
20200930,九州電力,9508,電気・ガス業,0.09%,TOPIX Mid400,
20200930,北海電力,9509,電気・ガス業,0.02%,TOPIX Mid400,
20200930,Ｊパワー,9513,電気・ガス業,0.06%,TOPIX Mid400,
20200930,東瓦斯,9531,電気・ガス業,0.20%,TOPIX Large70,
20200930,大瓦斯,9532,電気・ガス業,0.17%,TOPIX Mid400,
20200930,東邦瓦斯,9533,電気・ガス業,0.11%,TOPIX Mid400,
20200930,松竹,9601,情報・通信業,0.04%,TOPIX Mid400,
20200930,東宝,9602,情報・通信業,0.11%,TOPIX Mid400,
20200930,ＮＴＴデータ,9613,情報・通信業,0.15%,TOPIX Mid400,
20200930,アインＨＤ,9627,小売業,0.04%,TOPIX Mid400,
20200930,スクエニＨＤ,9684,情報・通信業,0.13%,TOPIX Mid400,
20200930,カプコン,9697,情報・通信業,0.12%,TOPIX Mid400,
20200930,日空ビル,9706,不動産業,0.06%,TOPIX Mid400,
20200930,ＳＣＳＫ,9719,情報・通信業,0.06%,TOPIX Mid400,
20200930,セコム,9735,サービス業,0.43%,TOPIX Large70,
20200930,メイテック,9744,サービス業,0.03%,TOPIX Mid400,
20200930,コナミ　ＨＤ,9766,情報・通信業,0.07%,TOPIX Mid400,
20200930,ベネッセＨＤ,9783,サービス業,0.04%,TOPIX Mid400,
20200930,ヤマダ電機,9831,小売業,0.07%,TOPIX Mid400,
20200930,オートバックス,9832,卸売業,0.02%,TOPIX Mid400,
20200930,ニトリＨＤ,9843,小売業,0.41%,TOPIX Large70,
20200930,吉野家ＨＤ,9861,小売業,0.03%,TOPIX Mid400,
20200930,ミスミＧ,9962,卸売業,0.16%,TOPIX Mid400,
20200930,ファーストリテ,9983,小売業,0.38%,TOPIX Large70,
20200930,ソフトバンクグループ,9984,情報・通信業,2.21%,TOPIX Core30,
20200930,スズケン,9987,卸売業,0.07%,TOPIX Mid400,
20200930,サンドラッグ,9989,小売業,0.06%,TOPIX Mid400,
